#P1_B1_Feeder,10.76.0.157
#P1_B1_Social,10.76.0.160
#P1_B3_Feeder,10.76.0.159
#P1_B3_Social,10.76.0.162
P2_B6_Social1,10.76.0.163
P2_B6_Social2,10.76.0.164
P2_B6_Social3,10.76.0.108
P2_B6_Feeder,10.76.0.218
P3_C2_Social1,10.76.0.165
P3_C2_Social2,10.76.0.166
P3_C2_Social3,10.76.0.210
P3_C2_Feeder,10.76.0.204
P4_C7_Social1,10.76.0.151
P4_C7_Social2,10.76.0.152
P4_C7_Social3,10.76.0.154
P4_C7_Feeder,10.76.0.157
P5_D2_Social1,10.76.0.155
P5_D2_Social2,10.76.0.156
P5_D2_Social3,10.76.0.195
P5_D2_Feeder,10.76.0.192
#P6_D7_Social1,10.76.0.162
P6_D7_Social1,10.76.0.161
P6_D7_Social2,10.76.0.158
P6_D7_Social3,10.76.0.217
P6_D7_Feeder,10.76.0.207
