P7_B8_Social1,10.76.0.163
P7_B8_Social2,10.76.0.156
P7_B8_Feeder,10.76.0.204
P7_B8_Social3,10.76.0.159
P8_C2_Social1,10.76.0.152
P8_C2_Social2,10.76.0.165
P8_C2_Feeder,10.76.0.107
P8_C2_Social3,10.76.0.157
P9_C8_Social1,10.76.0.158
P9_C8_Social2,10.76.0.151
P9_C8_Feeder,10.76.0.192
P9_C8_Social3,10.76.0.160
P10_D2_Social1,10.76.0.164
P10_D2_Social2,10.76.0.161
P10_D2_Feeder,10.76.0.123
P10_D2_Social3,10.76.0.195
P11_D8_Social1,10.76.0.166
P11_D8_Social2,10.76.0.154
P11_D8_Feeder,10.76.0.102
P11_D8_Social3,10.76.0.162
